Time,Record No,Azimuth,Pitch,Roll,Accel-X,Accel-Y,Accel-Z
15:04:09,0,-2.558731,1.1517329, 2.7096019,-1.1616367, -1.1766005, 9.3082075
15:04:09,1,-2.558731,1.1517329, 2.7096019,-1.1616367, -1.1766005, 9.3082075
15:04:09,2,-2.558731,1.1517329, 2.7096019,-1.1616367, -1.1766005, 9.3082075
15:04:09,3,-2.558731,1.1517329, 2.7096019,-1.1616367, -1.1766005, 9.3082075
15:04:09,4,-2.558731,1.1517329, 2.7096019,-1.1616367, -1.1766005, 9.3082075
15:04:09,5,-2.558731,1.1517329, 2.7096019,-1.1616367, -1.1766005, 9.3082075
15:04:09,6,-2.0883043,1.3399801, 2.9055467,-1.1616367, -1.1766005, 9.3082075
15:04:09,7,-2.0883043,1.3399801, 2.9055467,-0.2805705, -1.6554408, 9.442283
15:04:09,8,-2.1009037,1.3458078, 2.9183333,-0.2805705, -1.6554408, 9.442283
15:04:09,9,-2.1009037,1.3458078, 2.9183333,-0.19198506, -1.5046061, 9.303419
15:04:09,10,-2.1285048,1.354653, 2.954113,-0.19198506, -1.5046061, 9.303419
15:04:09,11,-2.1285048,1.354653, 2.954113,-0.35479078, -1.0377368, 9.3321495
15:04:09,12,-2.1442738,1.363694, 2.97871,-0.35479078, -1.0377368, 9.3321495
15:04:09,13,-2.1442738,1.363694, 2.97871,-0.41704002, -1.1119571, 9.461436
15:04:09,14,-2.1585524,1.3715705, 2.9937398,-0.41704002, -1.1119571, 9.461436
15:04:10,15,-2.1585524,1.3715705, 2.9937398,-0.5247791, -1.1239281, 9.631425
15:04:10,16,-2.1601412,1.3755262, 2.9921067,-0.5247791, -1.1239281, 9.631425
15:04:10,17,-2.1601412,1.3755262, 2.9921067,-0.29972413, -1.1742063, 9.437494
15:04:10,18,-2.1755772,1.382706, 2.996059,-0.29972413, -1.1742063, 9.437494
15:04:10,19,-2.1755772,1.382706, 2.996059,0.06658874, -1.4399626, 9.123854
15:04:10,20,-2.2292674,1.3825088, 3.0341082,0.06658874, -1.4399626, 9.123854
15:04:10,21,-2.2292674,1.3825088, 3.0341082,0.13123219, -1.7344495, 9.188498
15:04:10,22,-2.2741756,1.3732046, 3.0688462,0.13123219, -1.7344495, 9.188498
15:04:10,23,-2.2741756,1.3732046, 3.0688462,-0.010025719, -1.7655741, 9.614665
15:04:10,24,-2.2660215,1.3700187, 3.060589,-0.010025719, -1.7655741, 9.614665
15:04:10,25,-2.2660215,1.3700187, 3.060589,-0.48168346, -1.7703625, 9.619453
15:04:10,26,-2.230138,1.3678287, 3.035193,-0.48168346, -1.7703625, 9.619453
15:04:10,27,-2.230138,1.3678287, 3.035193,-0.440982, -1.4040496, 9.119065
15:04:10,28,-2.1921124,1.3710053, 3.0183156,-0.440982, -1.4040496, 9.119065
15:04:10,29,-2.1921124,1.3710053, 3.0183156,-0.49365446, -1.2149078, 9.456648
15:04:10,30,-2.126948,1.3751417, 2.9740794,-0.49365446, -1.2149078, 9.456648
15:04:10,31,-2.126948,1.3751417, 2.9740794,-0.47450083, -1.4136264, 9.636213
15:04:10,32,-2.0926282,1.3763586, 2.9471343,-0.47450083, -1.4136264, 9.636213
15:04:10,33,-2.0926282,1.3763586, 2.9471343,-0.4122516, -1.384896, 9.473407
15:04:10,34,-2.064981,1.378765, 2.9262998,-0.4122516, -1.384896, 9.473407
15:04:10,35,-2.064981,1.378765, 2.9262998,-0.5511153, -1.4710873, 9.257929
15:04:10,36,-2.0743105,1.3730962, 2.9321392,-0.5511153, -1.4710873, 9.257929
15:04:10,37,-2.0743105,1.3730962, 2.9321392,-0.3883096, -1.6243162, 9.24117
15:04:10,38,-2.0993166,1.3633822, 2.949641,-0.3883096, -1.6243162, 9.24117
15:04:10,39,-2.0993166,1.3633822, 2.949641,-0.36197338, -1.6530466, 9.37285
15:04:10,40,-2.1044767,1.3590797, 2.9523115,-0.36197338, -1.6530466, 9.37285
15:04:10,41,-2.1044767,1.3590797, 2.9523115,-0.35479078, -1.7464205, 9.305813
15:04:10,42,-2.102776,1.3506005, 2.9492414,-0.35479078, -1.7464205, 9.305813
15:04:11,43,-2.102776,1.3506005, 2.9492414,0.054617725, -1.8278234, 9.387216
15:04:11,44,-2.1094933,1.3474834, 2.9554489,0.054617725, -1.8278234, 9.387216
15:04:11,45,-2.1094933,1.3474834, 2.9554489,-0.6947674, -1.811064, 9.494955
15:04:11,46,-2.1020062,1.3439981, 2.9451008,-0.6947674, -1.811064, 9.494955
15:04:11,47,-2.1020062,1.3439981, 2.9451008,-1.0730513, -1.7488147, 9.46383
15:04:11,48,-2.0895407,1.3433259, 2.9296072,-1.0730513, -1.7488147, 9.46383
15:04:11,49,-2.0895407,1.3433259, 2.9296072,-0.5128081, -2.036119, 9.272294
15:04:11,50,-2.1019344,1.3385421, 2.9299133,-0.5128081, -2.036119, 9.272294
15:04:11,51,-2.1019344,1.3385421, 2.9299133,-0.23747487, -2.2779334, 9.408764
15:04:11,52,-2.1237483,1.3322111, 2.9413252,-0.23747487, -2.2779334, 9.408764
15:04:11,53,-2.1237483,1.3322111, 2.9413252,-0.36197338, -2.084003, 9.511714
15:04:11,54,-2.1322474,1.3325238, 2.9478707,-0.36197338, -2.084003, 9.511714
15:04:11,55,-2.1322474,1.3325238, 2.9478707,-0.36436757, -2.143858, 9.432706
15:04:11,56,-2.140735,1.3328156, 2.956677,-0.36436757, -2.143858, 9.432706
15:04:11,57,-2.140735,1.3328156, 2.956677,-0.2901473, -2.1414638, 9.346515
15:04:11,58,-2.1687248,1.329283, 2.9850435,-0.2901473, -2.1414638, 9.346515
15:04:11,59,-2.1687248,1.329283, 2.9850435,-0.3883096, -2.1654058, 9.432706
15:04:11,60,-2.181716,1.3246063, 2.9999993,-0.3883096, -2.1654058, 9.432706
15:04:11,61,-2.181716,1.3246063, 2.9999993,-0.42901102, -2.1103392, 9.48059
15:04:11,62,-2.1796496,1.3233106, 3.0035303,-0.42901102, -2.1103392, 9.48059
15:04:11,63,-2.1796496,1.3233106, 3.0035303,-0.4098574, -2.0863972, 9.401581
15:04:11,64,-2.177276,1.3238629, 3.004629,-0.4098574, -2.0863972, 9.401581
15:04:11,65,-2.177276,1.3238629, 3.004629,-0.5056255, -2.0672436, 9.272294
15:04:11,66,-2.1759236,1.3258502, 3.0098433,-0.5056255, -2.0672436, 9.272294
15:04:11,67,-2.1759236,1.3258502, 3.0098433,-0.2685995, -2.1821651, 9.162161
15:04:11,68,-2.1810594,1.3259373, 3.01743,-0.2685995, -2.1821651, 9.162161
15:04:11,69,-2.1810594,1.3259373, 3.01743,-0.37873277, -2.143858, 9.174132
15:04:11,70,-2.1781087,1.324664, 3.0143888,-0.37873277, -2.143858, 9.174132
15:04:12,71,-2.1781087,1.324664, 3.0143888,-0.37394437, -2.261174, 9.257929
15:04:12,72,-2.1768541,1.322911, 3.0129187,-0.37394437, -2.261174, 9.257929
15:04:12,73,-2.1768541,1.322911, 3.0129187,-0.37155017, -2.2204723, 9.334543
15:04:12,74,-2.169637,1.3195506, 3.0069351,-0.37155017, -2.2204723, 9.334543
15:04:12,75,-2.169637,1.3195506, 3.0069351,-0.42661682, -2.0409074, 9.432706
15:04:12,76,-2.1546657,1.3220786, 2.9977596,-0.42661682, -2.0409074, 9.432706
15:04:12,77,-2.1546657,1.3220786, 2.9977596,-0.4074632, -2.1294928, 9.461436
15:04:12,78,-2.1457887,1.3254291, 2.9932084,-0.4074632, -2.1294928, 9.461436
15:04:12,79,-2.1457887,1.3254291, 2.9932084,-0.32845455, -2.084003, 9.274689
15:04:12,80,-2.1457958,1.3255401, 2.9932156,-0.32845455, -2.084003, 9.274689
15:04:12,81,-2.1457958,1.3255401, 2.9932156,-0.31169513, -2.2108955, 9.178921
15:04:12,82,-2.152577,1.3255339, 2.9997904,-0.31169513, -2.2108955, 9.178921
15:04:12,83,-2.152577,1.3255339, 2.9997904,-0.5487211, -2.1893477, 9.322573
15:04:12,84,-2.1514013,1.3270245, 2.998595,-0.5487211, -2.1893477, 9.322573
15:04:12,85,-2.1514013,1.3270245, 2.998595,-0.4433762, -2.0696378, 9.250747
15:04:12,86,-2.149493,1.3258756, 2.9960759,-0.4433762, -2.0696378, 9.250747
15:04:12,87,-2.149493,1.3258756, 2.9960759,-0.35000235, -2.2587798, 9.279477
15:04:12,88,-2.1513333,1.3244067, 2.9982793,-0.35000235, -2.2587798, 9.279477
15:04:12,89,-2.1513333,1.3244067, 2.9982793,-0.36197338, -2.0504842, 9.382427
15:04:12,90,-2.1507833,1.3246826, 2.997704,-0.36197338, -2.0504842, 9.382427
15:04:12,91,-2.1507833,1.3246826, 2.997704,-0.46971244, -1.9978117, 9.2842655
15:04:12,92,-2.150121,1.3249418, 2.997029,-0.46971244, -1.9978117, 9.2842655
15:04:12,93,-2.150121,1.3249418, 2.997029,-0.36197338, -2.1031566, 9.257929
15:04:12,94,-2.1585627,1.3247633, 3.003048,-0.36197338, -2.1031566, 9.257929
15:04:12,95,-2.1585627,1.3247633, 3.003048,-0.36915597, -2.1989245, 9.34412
15:04:12,96,-2.1584303,1.3248154, 3.0029156,-0.36915597, -2.1989245, 9.34412
15:04:12,97,-2.1584303,1.3248154, 3.0029156,-0.30211833, -2.0863972, 9.301024
15:04:12,98,-2.16231,1.3250927, 3.0073197,-0.30211833, -2.0863972, 9.301024
15:04:12,99,-2.16231,1.3250927, 3.0073197,-0.32606035, -2.1510406, 9.387216
15:04:12,100,-2.1590889,1.321882, 3.006533,-0.32606035, -2.1510406, 9.387216
15:04:13,101,-2.1590889,1.321882, 3.006533,-0.34760815, -2.0696378, 9.291448
15:04:13,102,-2.152683,1.3223225, 3.0037491,-0.34760815, -2.0696378, 9.291448
15:04:13,103,-2.152683,1.3223225, 3.0037491,-0.3883096, -2.1510406, 9.341726
15:04:13,104,-2.1491709,1.3223124, 3.002067,-0.3883096, -2.1510406, 9.341726
15:04:13,105,-2.1491709,1.3223124, 3.002067,-0.78574705, -2.0073886, 9.231593
15:04:13,106,-2.1269727,1.3241383, 2.9802074,-0.78574705, -2.0073886, 9.231593
15:04:13,107,-2.1269727,1.3241383, 2.9802074,-0.2685995, -2.392855, 9.279477
15:04:13,108,-2.1267662,1.3169798, 2.9740608,-0.2685995, -2.392855, 9.279477
15:04:13,109,-2.1267662,1.3169798, 2.9740608,-0.29493573, -2.1965303, 9.289054
15:04:13,110,-2.1152864,1.3173962, 2.9620183,-0.29493573, -2.1965303, 9.289054
15:04:13,111,-2.1152864,1.3173962, 2.9620183,-0.23986909, -2.0433016, 9.183709
15:04:13,112,-2.1166465,1.3200672, 2.9656222,-0.23986909, -2.0433016, 9.183709
15:04:13,113,-2.1166465,1.3200672, 2.9656222,-0.48407766, -2.1294928, 9.2842655
15:04:13,114,-2.1147637,1.322779, 2.96696,-0.48407766, -2.1294928, 9.2842655
15:04:13,115,-2.1147637,1.322779, 2.96696,-0.44816464, -2.249203, 8.992172
15:04:13,116,-2.1134765,1.3191707, 2.9683406,-0.44816464, -2.249203, 8.992172
15:04:13,117,-2.1134765,1.3191707, 2.9683406,-0.5966051, -2.3593361, 9.243564
15:04:13,118,-2.0881805,1.3143828, 2.9490118,-0.5966051, -2.3593361, 9.243564
15:04:13,119,-2.0881805,1.3143828, 2.9490118,-0.66603696, -2.2683566, 9.396792
15:04:13,120,-2.061876,1.313962, 2.9282541,-0.66603696, -2.2683566, 9.396792
15:04:13,121,-2.061876,1.313962, 2.9282541,-0.8096891, -2.0337248, 9.459042
15:04:13,122,-2.0095265,1.3155535, 2.8891249,-0.8096891, -2.0337248, 9.459042
15:04:13,123,-2.0095265,1.3155535, 2.8891249,-0.86475575, -1.9116204, 9.210045
15:04:13,124,-1.9765843,1.3204908, 2.8650312,-0.86475575, -1.9116204, 9.210045
15:04:13,125,-1.9765843,1.3204908, 2.8650312,-0.86954415, -2.0624552, 9.329755
15:04:13,126,-1.9530679,1.3228393, 2.8392646,-0.86954415, -2.0624552, 9.329755
15:04:13,127,-1.9530679,1.3228393, 2.8392646,-0.79292965, -2.2132897, 9.248352
15:04:13,128,-1.9554282,1.3214692, 2.8366406,-0.79292965, -2.2132897, 9.248352
15:04:14,129,-1.9554282,1.3214692, 2.8366406,-0.66364276, -2.4024317, 9.131037
15:04:14,130,-1.9655839,1.3184948, 2.8372233,-0.66364276, -2.4024317, 9.131037
15:04:14,131,-1.9655839,1.3184948, 2.8372233,-0.8072949, -2.285116, 9.1047
15:04:14,132,-1.9560393,1.317103, 2.8249352,-0.8072949, -2.285116, 9.1047
15:04:14,133,-1.9560393,1.317103, 2.8249352,-0.8288427, -2.1294928, 9.289054
15:04:14,134,-1.9394169,1.3147495, 2.8103273,-0.8288427, -2.1294928, 9.289054
15:04:14,135,-1.9394169,1.3147495, 2.8103273,-0.87193835, -2.1366754, 9.320178
15:04:14,136,-1.9288439,1.3141744, 2.8019273,-0.87193835, -2.1366754, 9.320178
15:04:14,137,-1.9288439,1.3141744, 2.8019273,-0.8240543, -2.0217538, 9.267506
15:04:14,138,-1.9189774,1.3145332, 2.7952693,-0.8240543, -2.0217538, 9.267506
15:04:14,139,-1.9189774,1.3145332, 2.7952693,-0.87193835, -2.1462522, 9.418341
15:04:14,140,-1.9178298,1.3144463, 2.7940528,-0.87193835, -2.1462522, 9.418341
15:04:14,141,-1.9178298,1.3144463, 2.7940528,-0.78574705, -2.0193596, 9.19568
15:04:14,142,-1.9290485,1.3156754, 2.8019998,-0.78574705, -2.0193596, 9.19568
15:04:14,143,-1.9290485,1.3156754, 2.8019998,-0.78814125, -2.1390696, 9.188498
15:04:14,144,-1.940718,1.3144399, 2.8110075,-0.78814125, -2.1390696, 9.188498
15:04:14,145,-1.940718,1.3144399, 2.8110075,-0.8168717, -2.1582232, 9.178921
15:04:14,146,-1.9549035,1.3133054, 2.8180017,-0.8168717, -2.1582232, 9.178921
15:04:14,147,-1.9549035,1.3133054, 2.8180017,-0.8456021, -2.285116, 9.399187
15:04:14,148,-1.9615998,1.31303, 2.8198085,-0.8456021, -2.285116, 9.399187
15:04:14,149,-1.9615998,1.31303, 2.8198085,-0.678008, -2.2515972, 9.243564
15:04:14,150,-1.9699659,1.3136679, 2.827614,-0.678008, -2.2515972, 9.243564
15:04:14,151,-1.9699659,1.3136679, 2.827614,-0.70195, -2.1678, 9.19568
15:04:14,152,-1.9728096,1.3139151, 2.8310916,-0.70195, -2.1678, 9.19568
15:04:14,153,-1.9728096,1.3139151, 2.8310916,-0.70195, -2.1366754, 9.279477
15:04:14,154,-1.973625,1.3148282, 2.8341553,-0.70195, -2.1366754, 9.279477
15:04:14,155,-1.973625,1.3148282, 2.8341553,-0.9365818, -2.0696378, 9.3321495
15:04:14,156,-1.9698296,1.3174781, 2.8317616,-0.9365818, -2.0696378, 9.3321495
15:04:15,157,-1.9698296,1.3174781, 2.8317616,-1.4130279, -1.8613422, 9.396792
15:04:15,158,-1.9594167,1.3215593, 2.8175666,-1.4130279, -1.8613422, 9.396792
15:04:15,159,-1.9594167,1.3215593, 2.8175666,-0.9677064, -1.8876784, 9.19568
15:04:15,160,-1.9599766,1.3225597, 2.811511,-0.9677064, -1.8876784, 9.19568
15:04:15,161,-1.9599766,1.3225597, 2.811511,-0.08664017, -2.3545477, 9.353697
15:04:15,162,-1.993215,1.3167437, 2.8311443,-0.08664017, -2.3545477, 9.353697
15:04:15,163,-1.993215,1.3167437, 2.8311443,0.48796824, -2.3401825, 9.473407
15:04:15,164,-2.0180607,1.3198186, 2.8626297,0.48796824, -2.3401825, 9.473407
15:04:15,165,-2.0180607,1.3198186, 2.8626297,0.2629133, -2.4335563, 10.38081
15:04:15,166,-2.0488174,1.3270813, 2.920803,0.2629133, -2.4335563, 10.38081
15:04:15,167,-2.0488174,1.3270813, 2.920803,1.3211504, -1.277157, 10.627413
15:04:15,168,-2.106888,1.3478997, 2.99603,1.3211504, -1.277157, 10.627413
15:04:15,169,-2.106888,1.3478997, 2.99603,1.9556139, -1.5620669, 8.477419
15:04:15,170,-2.3314157,1.3721435, -3.0266964,1.9556139, -1.5620669, 8.477419
15:04:15,171,-2.3314157,1.3721435, -3.0266964,0.85428107, -2.4622867, 8.372074
15:04:15,172,-2.4895327,1.3926603, -2.8263164,0.85428107, -2.4622867, 8.372074
15:04:15,173,-2.4895327,1.3926603, -2.8263164,-0.48407766, -1.5046061, 8.278701
15:04:15,174,-2.371432,1.425776, -2.9016457,-0.48407766, -1.5046061, 8.278701
15:04:15,175,-2.371432,1.425776, -2.9016457,-1.307683, -1.7057191, 8.7431755
15:04:15,176,-2.2329166,1.4333895, -3.0189426,-1.307683, -1.7057191, 8.7431755
15:04:15,177,-2.2329166,1.4333895, -3.0189426,-2.353949, -1.4303858, 10.198851
15:04:15,178,-1.786936,1.4399686, 2.8495066,-2.353949, -1.4303858, 10.198851
15:04:15,179,-1.786936,1.4399686, 2.8495066,-2.069039, -1.1550527, 9.789442
15:04:15,180,-1.4126728,1.4299346, 2.4853425,-2.069039, -1.1550527, 9.789442
15:04:15,181,-1.4126728,1.4299346, 2.4853425,-1.829619, -0.8845079, 7.8046484
15:04:15,182,-1.2562512,1.4120389, 2.3296506,-1.829619, -0.8845079, 7.8046484
15:04:15,183,-1.2562512,1.4120389, 2.3296506,-1.9589059, -1.7224785, 7.790283
15:04:15,184,-1.2690326,1.3910189, 2.341574,-1.9589059, -1.7224785, 7.790283
15:04:16,185,-1.2690326,1.3910189, 2.341574,-4.049044, -1.1813889, 9.018509
15:04:16,186,-1.1633294,1.3326908, 2.2221928,-4.049044, -1.1813889, 9.018509
15:04:16,187,-1.1633294,1.3326908, 2.2221928,-5.2198086, -1.1167455, 14.364761
15:04:16,188,-1.1190479,1.2899594, 2.1587126,-5.2198086, -1.1167455, 14.364761
15:04:16,189,-1.1190479,1.2899594, 2.1587126,-1.2789526, 0.39878422, 9.439888
15:04:16,190,-1.0186135,1.3092444, 2.068913,-1.2789526, 0.39878422, 9.439888
15:04:16,191,-1.0186135,1.3092444, 2.068913,-2.8351836, -0.17103578, 9.267506
15:04:16,192,-0.94765496,1.3187791, 2.001076,-2.8351836, -0.17103578, 9.267506
15:04:16,193,-0.94765496,1.3187791, 2.001076,-4.0298905, -1.6650176, 9.49256
15:04:16,194,-0.8809282,1.3223451, 1.9291118,-4.0298905, -1.6650176, 9.49256
15:04:16,195,-0.8809282,1.3223451, 1.9291118,-2.9237692, -0.53016603, 10.763882
15:04:16,196,-0.8299449,1.3603888, 1.879637,-2.9237692, -0.53016603, 10.763882
15:04:16,197,-0.8299449,1.3603888, 1.879637,-3.9436991, -0.96830493, 10.194062
15:04:16,198,-0.8054298,1.4150307, 1.8614267,-3.9436991, -0.96830493, 10.194062
15:04:16,199,-0.8054298,1.4150307, 1.8614267,-3.71625, -2.4814403, 9.22441
15:04:16,200,-0.95192826,1.430752, 2.016282,-3.71625, -2.4814403, 9.22441
15:04:16,201,-0.95192826,1.430752, 2.016282,-2.7633576, -1.454328, 8.015338
15:04:16,202,-1.0711013,1.4773487, 2.1724637,-2.7633576, -1.454328, 8.015338
15:04:16,203,-1.0711013,1.4773487, 2.1724637,1.2732664, 0.72678983, 6.9954085
15:04:16,204,-1.90183,1.5234878, 3.045576,1.2732664, 0.72678983, 6.9954085
15:04:16,205,-1.90183,1.5234878, 3.045576,3.502268, 1.1242273, 6.720075
15:04:16,206,-2.6180158,1.4694731, -2.5366373,3.502268, 1.1242273, 6.720075
15:04:16,207,-2.6180158,1.4694731, -2.5366373,2.8606222, -1.6985365, 8.008156
15:04:16,208,-2.482463,1.4387366, -2.6984143,2.8606222, -1.6985365, 8.008156
15:04:16,209,-2.482463,1.4387366, -2.6984143,1.7880198, -1.7272669, 9.059211
15:04:16,210,-2.2919962,1.3942907, -2.9568489,1.7880198, -1.7272669, 9.059211
15:04:16,211,-2.2919962,1.3942907, -2.9568489,2.0561705, -2.4503157, 10.222793
15:04:16,212,-2.2386851,1.3269811, -3.0724583,2.0561705, -2.4503157, 10.222793
15:04:16,213,-2.2386851,1.3269811, -3.0724583,1.6635213, -1.8421886, 11.424682
15:04:17,214,-2.2324948,1.2982258, -3.1203096,1.6635213, -1.8421886, 11.424682
15:04:17,215,-2.2324948,1.2982258, -3.1203096,1.0721534, -1.7488147, 10.184485
15:04:17,216,-2.248346,1.2998806, -3.1162078,1.0721534, -1.7488147, 10.184485
15:04:17,217,-2.248346,1.2998806, -3.1162078,0.36346975, -2.2803276, 10.024074
15:04:17,218,-2.2964795,1.3113277, -3.0751016,0.36346975, -2.2803276, 10.024074
15:04:17,219,-2.2964795,1.3113277, -3.0751016,0.023493104, -2.0792146, 9.236382
15:04:17,220,-2.322777,1.3256397, -3.049491,0.023493104, -2.0792146, 9.236382
15:04:17,221,-2.322777,1.3256397, -3.049491,0.40656537, -2.0193596, 9.320178
15:04:17,222,-2.3598576,1.3322462, -3.013902,0.40656537, -2.0193596, 9.320178
15:04:17,223,-2.3598576,1.3322462, -3.013902,-0.031573534, -2.5077767, 9.298631
15:04:17,224,-2.3569233,1.3314716, -3.0187755,-0.031573534, -2.5077767, 9.298631
15:04:17,225,-2.3569233,1.3314716, -3.0187755,-0.07466917, -2.1821651, 9.222016
15:04:17,226,-2.3522847,1.3419602, -3.02571,-0.07466917, -2.1821651, 9.222016
15:04:17,227,-2.3522847,1.3419602, -3.02571,-0.050727148, -1.9307741, 9.48059
15:04:17,228,-2.3495948,1.3401594, -3.0248847,-0.050727148, -1.9307741, 9.48059
15:04:17,229,-2.3495948,1.3401594, -3.0248847,-4.4891282E-4, -1.5788264, 9.200468
15:04:17,230,-2.366453,1.3446668, -3.010467,-4.4891282E-4, -1.5788264, 9.200468
15:04:17,231,-2.366453,1.3446668, -3.010467,-0.017208325, -2.2085013, 9.377639
15:04:17,232,-2.370802,1.3471811, -3.0090268,-0.017208325, -2.2085013, 9.377639
15:04:17,233,-2.370802,1.3471811, -3.0090268,0.3179799, -1.8374002, 9.425523
15:04:17,234,-2.4348655,1.3575695, -2.9519506,0.3179799, -1.8374002, 9.425523
15:04:17,235,-2.4348655,1.3575695, -2.9519506,0.6004957, -1.1239281, 8.132654
15:04:17,236,-2.550361,1.3629159, -2.8408105,0.6004957, -1.1239281, 8.132654
15:04:17,237,-2.550361,1.3629159, -2.8408105,0.11207857, -2.131887, 8.824578
15:04:17,238,-2.5460076,1.3581538, -2.8453374,0.11207857, -2.131887, 8.824578
15:04:17,239,-2.5460076,1.3581538, -2.8453374,0.33952773, -1.4782699, 9.231593
15:04:17,240,-2.548213,1.3677256, -2.842524,0.33952773, -1.4782699, 9.231593
15:04:17,241,-2.548213,1.3677256, -2.842524,0.38980597, -1.4926351, 9.461436
15:04:17,242,-2.5082972,1.3708775, -2.8773587,0.38980597, -1.4926351, 9.461436
15:04:18,243,-2.5082972,1.3708775, -2.8773587,0.50951606, -1.3561656, 8.882039
15:04:18,244,-2.5073876,1.3787816, -2.8775163,0.50951606, -1.3561656, 8.882039
15:04:18,245,-2.5073876,1.3787816, -2.8775163,0.5933131, -1.6626234, 9.4279175
15:04:18,246,-2.5130482,1.3793346, -2.8784094,0.5933131, -1.6626234, 9.4279175
15:04:18,247,-2.5130482,1.3793346, -2.8784094,0.4592378, -1.8541596, 9.4351
15:04:18,248,-2.5054107,1.3798223, -2.8902833,0.4592378, -1.8541596, 9.4351
15:04:18,249,-2.5054107,1.3798223, -2.8902833,0.21024084, -1.7344495, 9.392004
15:04:18,250,-2.482413,1.3766856, -2.918897,0.21024084, -1.7344495, 9.392004
15:04:18,251,-2.482413,1.3766856, -2.918897,0.40177697, -1.574038, 9.099912
15:04:18,252,-2.4809518,1.3708433, -2.925818,0.40177697, -1.574038, 9.099912
15:04:18,253,-2.4809518,1.3708433, -2.925818,0.51909286, -1.645864, 9.358485
15:04:18,254,-2.4496114,1.3683815, -2.9623525,0.51909286, -1.645864, 9.358485
15:04:18,255,-2.4496114,1.3683815, -2.9623525,0.1599626, -1.9259856, 9.779865
15:04:18,256,-2.4225729,1.3674875, -2.9907384,0.1599626, -1.9259856, 9.779865
15:04:18,257,-2.4225729,1.3674875, -2.9907384,0.28206688, -1.7990929, 9.518897
15:04:18,258,-2.388463,1.3689293, -3.0220034,0.28206688, -1.7990929, 9.518897
15:04:18,259,-2.388463,1.3689293, -3.0220034,0.22460605, -1.59798, 9.494955
15:04:18,260,-2.3666093,1.3725765, -3.039566,0.22460605, -1.59798, 9.494955
15:04:18,261,-2.3666093,1.3725765, -3.039566,0.09771336, -1.7033249, 9.257929
15:04:18,262,-2.3588548,1.3701317, -3.0475464,0.09771336, -1.7033249, 9.257929
15:04:18,263,-2.3588548,1.3701317, -3.0475464,0.07855974, -1.6745944, 9.439888
15:04:18,264,-2.3587408,1.3702865, -3.04766,0.07855974, -1.6745944, 9.439888
15:04:18,265,-2.3587408,1.3702865, -3.04766,0.009127894, -1.609951, 9.499743
15:04:18,266,-2.347615,1.3696772, -3.0566883,0.009127894, -1.609951, 9.499743
15:04:18,267,-2.347615,1.3696772, -3.0566883,0.06658874, -1.669806, 9.504532
15:04:18,268,-2.3455005,1.3691467, -3.0565124,0.06658874, -1.669806, 9.504532
15:04:18,269,-2.3455005,1.3691467, -3.0565124,0.09771336, -1.6027684, 9.248352
15:04:18,270,-2.3536477,1.3663338, -3.051624,0.09771336, -1.6027684, 9.248352
15:04:19,271,-2.3536477,1.3663338, -3.051624,0.04504092, -1.6961423, 9.34412
15:04:19,272,-2.3567274,1.3666661, -3.0501494,0.04504092, -1.6961423, 9.34412
15:04:19,273,-2.3567274,1.3666661, -3.0501494,0.0067336923, -1.9092262, 9.612271
15:04:19,274,-2.3423667,1.3642347, -3.0661094,0.0067336923, -1.9092262, 9.612271
15:04:19,275,-2.3423667,1.3642347, -3.0661094,0.12883797, -1.7679683, 9.399187
15:04:19,276,-2.325453,1.3659725, -3.0789826,0.12883797, -1.7679683, 9.399187
15:04:19,277,-2.325453,1.3659725, -3.0789826,0.1743278, -1.7990929, 9.281871
15:04:19,278,-2.320552,1.368218, -3.0773056,0.1743278, -1.7990929, 9.281871
15:04:19,279,-2.320552,1.368218, -3.0773056,0.04743512, -1.7943045, 9.231593
15:04:19,280,-2.3140585,1.3695394, -3.0805995,0.04743512, -1.7943045, 9.231593
15:04:19,281,-2.3140585,1.3695394, -3.0805995,-0.09382278, -1.9164088, 9.454253
15:04:19,282,-2.2888436,1.3686678, -3.102043,-0.09382278, -1.9164088, 9.454253
15:04:19,283,-2.2888436,1.3686678, -3.102043,-0.08903438, -1.7081133, 9.384822
15:04:19,284,-2.2758346,1.3679278, -3.1132014,-0.08903438, -1.7081133, 9.384822
15:04:19,285,-2.2758346,1.3679278, -3.1132014,0.03546411, -1.6913539, 9.420734
15:04:19,286,-2.2785735,1.3678622, -3.110709,0.03546411, -1.6913539, 9.420734
15:04:19,287,-2.2785735,1.3678622, -3.110709,-0.0052373162, -1.6841712, 9.432706
15:04:19,288,-2.2827241,1.3688996, -3.1081345,-0.0052373162, -1.6841712, 9.432706
15:04:19,289,-2.2827241,1.3688996, -3.1081345,-0.13931261, -1.7440263, 9.425523
15:04:19,290,-2.2809296,1.3678373, -3.11955,-0.13931261, -1.7440263, 9.425523
15:04:19,291,-2.2809296,1.3678373, -3.11955,0.19348143, -1.6961423, 9.1334305
15:04:19,292,-2.3142896,1.3633571, -3.0979085,0.19348143, -1.6961423, 9.1334305
15:04:19,293,-2.3142896,1.3633571, -3.0979085,0.19587563, -1.7440263, 8.96823
15:04:19,294,-2.317233,1.3636192, -3.1009352,0.19587563, -1.7440263, 8.96823
15:04:19,295,-2.317233,1.3636192, -3.1009352,0.121655375, -1.9906291, 9.485378
15:04:19,296,-2.3043087,1.3634677, -3.114286,0.121655375, -1.9906291, 9.485378
15:04:19,297,-2.3043087,1.3634677, -3.114286,-0.04833295, -2.273145, 9.700856
15:04:19,298,-2.275624,1.3605883, 3.1402466,-0.04833295, -2.273145, 9.700856
15:04:19,299,-2.275624,1.3605883, 3.1402466,0.011522096, -1.9355625, 9.4279175
15:04:20,300,-2.2807167,1.3570883, -3.1367185,0.011522096, -1.9355625, 9.4279175
15:04:20,301,-2.2807167,1.3570883, -3.1367185,0.0043394906, -1.7416321, 9.322573
15:04:20,302,-2.2970803,1.3547237, -3.1183844,0.0043394906, -1.7416321, 9.322573
15:04:20,303,-2.2970803,1.3547237, -3.1183844,-0.031573534, -1.88289, 9.466225
15:04:20,304,-2.3027997,1.3535221, -3.111955,-0.031573534, -1.88289, 9.466225
15:04:20,305,-2.3027997,1.3535221, -3.111955,-0.065092355, -1.9978117, 9.482984
15:04:20,306,-2.303109,1.3521757, -3.1124883,-0.065092355, -1.9978117, 9.482984
15:04:20,307,-2.303109,1.3521757, -3.1124883,0.054617725, -2.0528784, 9.277082
15:04:20,308,-2.3014266,1.350462, -3.1159482,0.054617725, -2.0528784, 9.277082
15:04:20,309,-2.3014266,1.350462, -3.1159482,-0.017208325, -1.8541596, 9.3560915
15:04:20,310,-2.2938917,1.3510011, -3.125707,-0.017208325, -1.8541596, 9.3560915
15:04:20,311,-2.2938917,1.3510011, -3.125707,-0.115370594, -2.0049944, 9.348908
15:04:20,312,-2.2888203,1.3493446, -3.1330924,-0.115370594, -2.0049944, 9.348908
15:04:20,313,-2.2888203,1.3493446, -3.1330924,-0.15367782, -2.0672436, 9.190891
15:04:20,314,-2.2791994,1.3461232, 3.133067,-0.15367782, -2.0672436, 9.190891
15:04:20,315,-2.2791994,1.3461232, 3.133067,-0.09861118, -2.2061071, 9.36088
15:04:20,316,-2.262792,1.345354, 3.1093569,-0.09861118, -2.2061071, 9.36088
15:04:20,317,-2.262792,1.345354, 3.1093569,-0.05312135, -1.9642929, 9.394399
15:04:20,318,-2.248276,1.3461794, 3.092879,-0.05312135, -1.9642929, 9.394399
15:04:20,319,-2.248276,1.3461794, 3.092879,-0.09142858, -2.107945, 9.368062
15:04:20,320,-2.2439492,1.3458543, 3.0885928,-0.09142858, -2.107945, 9.368062
15:04:20,321,-2.2439492,1.3458543, 3.0885928,-0.2662053, -2.237232, 9.317784
15:04:20,322,-2.2414417,1.3431538, 3.085728,-0.2662053, -2.237232, 9.317784
15:04:20,323,-2.2414417,1.3431538, 3.085728,-0.18719664, -2.1534348, 9.437494
15:04:20,324,-2.2404373,1.3418186, 3.0852263,-0.18719664, -2.1534348, 9.437494
15:04:20,325,-2.2404373,1.3418186, 3.0852263,-0.15846622, -2.0145712, 9.260324
15:04:20,326,-2.2389593,1.340761, 3.0869615,-0.15846622, -2.0145712, 9.260324
15:04:20,327,-2.2389593,1.340761, 3.0869615,-0.15607202, -1.9762639, 9.305813
15:04:20,328,-2.2355208,1.3401185, 3.0849085,-0.15607202, -1.9762639, 9.305813
15:04:21,329,-2.2355208,1.3401185, 3.0849085,-0.15128362, -1.9666871, 9.281871
15:04:21,330,-2.227874,1.3405641, 3.0782254,-0.15128362, -1.9666871, 9.281871
15:04:21,331,-2.227874,1.3405641, 3.0782254,-0.15607202, -1.9259856, 9.262717
15:04:21,332,-2.2238622,1.341337, 3.0744376,-0.15607202, -1.9259856, 9.262717
15:04:21,333,-2.2238622,1.341337, 3.0744376,-0.23508067, -2.0648494, 9.468618
15:04:21,334,-2.222806,1.3407382, 3.073145,-0.23508067, -2.0648494, 9.468618
15:04:21,335,-2.222806,1.3407382, 3.073145,-0.29493573, -1.9978117, 9.387216
15:04:21,336,-2.2219825,1.3404801, 3.0709457,-0.29493573, -1.9978117, 9.387216
15:04:21,337,-2.2219825,1.3404801, 3.0709457,-0.25423428, -2.0887914, 9.291448
15:04:21,338,-2.2248077,1.3421153, 3.0680308,-0.25423428, -2.0887914, 9.291448
15:04:21,339,-2.2248077,1.3421153, 3.0680308,-0.13452421, -2.0887914, 9.183709
15:04:21,340,-2.2262387,1.3438689, 3.0650294,-0.13452421, -2.0887914, 9.183709
15:04:21,341,-2.2262387,1.3438689, 3.0650294,-0.14649522, -2.0193596, 9.4039755
15:04:21,342,-2.2258315,1.3439578, 3.0634809,-0.14649522, -2.0193596, 9.4039755
15:04:21,343,-2.2258315,1.3439578, 3.0634809,-0.043544542, -2.012177, 9.392004
15:04:21,344,-2.2280965,1.3435093, 3.066404,-0.043544542, -2.012177, 9.392004
15:04:21,345,-2.2280965,1.3435093, 3.066404,-0.20635025, -1.8326118, 9.502137
15:04:21,346,-2.233107,1.3444144, 3.0739622,-0.20635025, -1.8326118, 9.502137
15:04:21,347,-2.233107,1.3444144, 3.0739622,-0.22071546, -1.8565538, 9.327361
15:04:21,348,-2.2451386,1.3457596, 3.0887501,-0.22071546, -1.8565538, 9.327361
15:04:21,349,-2.2451386,1.3457596, 3.0887501,-0.21113867, -1.9235914, 9.188498
15:04:21,350,-2.2515936,1.3472413, 3.0967107,-0.21113867, -1.9235914, 9.188498
15:04:21,351,-2.2515936,1.3472413, 3.0967107,-0.17043723, -1.8182466, 9.188498
15:04:21,352,-2.2529743,1.349261, 3.0982242,-0.17043723, -1.8182466, 9.188498
15:04:21,353,-2.2529743,1.349261, 3.0982242,-0.20395605, -1.8206408, 9.38961
15:04:21,354,-2.2547388,1.3521999, 3.0980234,-0.20395605, -1.8206408, 9.38961
15:04:21,355,-2.2547388,1.3521999, 3.0980234,-0.16086042, -1.9331683, 9.301024
15:04:21,356,-2.2623708,1.3509358, 3.0998638,-0.16086042, -1.9331683, 9.301024
15:04:22,357,-2.2623708,1.3509358, 3.0998638,-0.11058219, -1.9164088, 9.231593
15:04:22,358,-2.2729125,1.3483692, 3.1049898,-0.11058219, -1.9164088, 9.231593
15:04:22,359,-2.2729125,1.3483692, 3.1049898,-0.14410101, -1.9116204, 9.265112
15:04:22,360,-2.2699158,1.3494207, 3.1003065,-0.14410101, -1.9116204, 9.265112
15:04:22,361,-2.2699158,1.3494207, 3.1003065,-0.25184008, -1.906832, 9.432706
15:04:22,362,-2.25559,1.347649, 3.0859585,-0.25184008, -1.906832, 9.432706
15:04:22,363,-2.25559,1.347649, 3.0859585,-0.16804303, -1.8900726, 9.456648
15:04:22,364,-2.246026,1.3465941, 3.076678,-0.16804303, -1.8900726, 9.456648
15:04:22,365,-2.246026,1.3465941, 3.076678,-0.033967737, -1.846977, 9.36088
15:04:22,366,-2.2502759,1.3446543, 3.0788815,-0.033967737, -1.846977, 9.36088
15:04:22,367,-2.2502759,1.3446543, 3.0788815,-0.17043723, -1.9379567, 9.377639
15:04:22,368,-2.2519772,1.3457706, 3.0797226,-0.17043723, -1.9379567, 9.377639
15:04:22,369,-2.2519772,1.3457706, 3.0797226,-0.16086042, -1.9307741, 9.341726
15:04:22,370,-2.2598853,1.3461559, 3.0874813,-0.16086042, -1.9307741, 9.341726
15:04:22,371,-2.2598853,1.3461559, 3.0874813,-0.22789808, -1.9618987, 9.420734
15:04:22,372,-2.2654278,1.3468169, 3.0930269,-0.22789808, -1.9618987, 9.420734
15:04:22,373,-2.2654278,1.3468169, 3.0930269,-0.23747487, -1.8852842, 9.320178
15:04:22,374,-2.2665665,1.3461574, 3.0935855,-0.23747487, -1.8852842, 9.320178
15:04:22,375,-2.2665665,1.3461574, 3.0935855,-0.2709937, -1.7966987, 9.279477
15:04:22,376,-2.2643979,1.348575, 3.0905075,-0.2709937, -1.7966987, 9.279477
15:04:22,377,-2.2643979,1.348575, 3.0905075,-0.24705169, -1.8062755, 9.37285
15:04:22,378,-2.2652693,1.3505931, 3.0870187,-0.24705169, -1.8062755, 9.37285
15:04:22,379,-2.2652693,1.3505931, 3.0870187,-0.07466917, -1.8852842, 9.205256
15:04:22,380,-2.2752519,1.3504128, 3.089946,-0.07466917, -1.8852842, 9.205256
15:04:22,381,-2.2752519,1.3504128, 3.089946,-0.026785132, -2.0073886, 9.243564
15:04:22,382,-2.281169,1.3493514, 3.0896664,-0.026785132, -2.0073886, 9.243564
15:04:22,383,-2.281169,1.3493514, 3.0896664,0.018704701, -2.0433016, 9.459042
15:04:22,384,-2.2797163,1.3496844, 3.0865645,0.018704701, -2.0433016, 9.459042
15:04:23,385,-2.2797163,1.3496844, 3.0865645,-0.07466917, -1.9666871, 9.485378
15:04:23,386,-2.281818,1.349627, 3.0877995,-0.07466917, -1.9666871, 9.485378
15:04:23,387,-2.281818,1.349627, 3.0877995,-0.120159, -1.8326118, 9.277082
15:04:23,388,-2.2932484,1.3503463, 3.1012297,-0.120159, -1.8326118, 9.277082
15:04:23,389,-2.2932484,1.3503463, 3.1012297,-0.16086042, -1.8421886, 9.550022
15:04:23,390,-2.2949464,1.3551673, 3.1053386,-0.16086042, -1.8421886, 9.550022
15:04:23,391,-2.2949464,1.3551673, 3.1053386,0.43769, -1.3681366, 10.045622
15:04:23,392,-2.3141096,1.3603879, 3.1256337,0.43769, -1.3681366, 10.045622
15:04:23,393,-2.3141096,1.3603879, 3.1256337,2.7265468, -1.8685248, 10.550798
15:04:23,394,-2.4668717,1.3655673, -2.9909358,2.7265468, -1.8685248, 10.550798
15:04:23,395,-2.4668717,1.3655673, -2.9909358,4.055329, -1.6482582, 8.484602
15:04:23,396,-2.822426,1.3812466, -2.587116,4.055329, -1.6482582, 8.484602
15:04:23,397,-2.822426,1.3812466, -2.587116,4.0625114, -1.1598411, 7.3186255
15:04:23,398,-3.112261,1.3686266, -2.2319,4.0625114, -1.1598411, 7.3186255
15:04:23,399,-3.112261,1.3686266, -2.2319,3.025822, -0.9994296, 7.72564
15:04:23,400,3.1397715,1.3741462, -2.1710699,3.025822, -0.9994296, 7.72564
15:04:23,401,3.1397715,1.3741462, -2.1710699,-0.7163152, -2.5556607, 9.001749
15:04:23,402,-2.8082058,1.4191386, -2.4583714,-0.7163152, -2.5556607, 9.001749
15:04:23,403,-2.8082058,1.4191386, -2.4583714,-4.5278845, -0.80789346, 9.018509
15:04:23,404,-1.5092957,1.4951136, 2.5534594,-4.5278845, -0.80789346, 9.018509
15:04:23,405,-1.5092957,1.4951136, 2.5534594,-6.44564, -0.42721537, 9.190891
15:04:23,406,-0.5459481,1.3650004, 1.5940583,-6.44564, -0.42721537, 9.190891
15:04:23,407,-0.5459481,1.3650004, 1.5940583,-7.2165728, -1.1981484, 9.724798
15:04:23,408,-0.5492061,1.3072535, 1.596418,-7.2165728, -1.1981484, 9.724798
15:04:23,409,-0.5492061,1.3072535, 1.596418,-2.756175, 0.049230773, 7.900417
15:04:23,410,-0.6264477,1.279475, 1.6681716,-2.756175, 0.049230773, 7.900417
15:04:23,411,-0.6264477,1.279475, 1.6681716,-3.8718731, -0.6738181, 13.500455
15:04:23,412,-0.66141796,1.2753124, 1.6915971,-3.8718731, -0.6738181, 13.500455
15:04:23,413,-0.66141796,1.2753124, 1.6915971,-5.009119, -1.0664672, 12.70558
15:04:24,414,-0.66232777,1.2927115, 1.6993204,-5.009119, -1.0664672, 12.70558
15:04:24,415,-0.66232777,1.2927115, 1.6993204,-3.812018, 0.57834935, 9.588329
15:04:24,416,-0.64740896,1.3180461, 1.684877,-3.812018, 0.57834935, 9.588329
15:04:24,417,-0.64740896,1.3180461, 1.684877,-3.4528878, 0.5256769, 10.7255745
15:04:24,418,-0.6115354,1.368718, 1.651612,-3.4528878, 0.5256769, 10.7255745
15:04:24,419,-0.6115354,1.368718, 1.651612,-4.8271594, -1.3298295, 9.346515
15:04:24,420,-0.65360355,1.4146224, 1.6942841,-4.8271594, -1.3298295, 9.346515
15:04:24,421,-0.65360355,1.4146224, 1.6942841,-2.471265, -0.81028765, 8.922741
15:04:24,422,-0.39152813,1.5065545, 1.4413964,-2.471265, -0.81028765, 8.922741
15:04:24,423,-0.39152813,1.5065545, 1.4413964,1.8885763, -0.7504326, 6.5213566
15:04:24,424,-2.572169,1.5465385, -2.6653006,1.8885763, -0.7504326, 6.5213566
15:04:24,425,-2.572169,1.5465385, -2.6653006,3.8374565, -0.5948095, 4.874146
15:04:24,426,2.9021533,1.4749762, -1.891814,3.8374565, -0.5948095, 4.874146
15:04:24,427,2.9021533,1.4749762, -1.891814,3.217358, -1.7559973, 8.853309
15:04:24,428,-2.8278759,1.4475281, -2.5074344,3.217358, -1.7559973, 8.853309
15:04:24,429,-2.8278759,1.4475281, -2.5074344,2.5900774, -1.277157, 8.403199
15:04:24,430,-2.5535417,1.4355142, -2.8070679,2.5900774, -1.277157, 8.403199
15:04:24,431,-2.5535417,1.4355142, -2.8070679,2.1734862, -1.4160206, 9.753529
15:04:24,432,-2.2043662,1.3779951, 3.0763555,2.1734862, -1.4160206, 9.753529
15:04:24,433,-2.2043662,1.3779951, 3.0763555,1.091307, -2.6107273, 12.43264
15:04:24,434,-2.106696,1.3147452, 2.9258208,1.091307, -2.6107273, 12.43264
15:04:24,435,-2.106696,1.3147452, 2.9258208,-0.041150343, -1.0018238, 9.641002
15:04:24,436,-2.0646334,1.3284749, 2.8512855,-0.041150343, -1.0018238, 9.641002
15:04:24,437,-2.0646334,1.3284749, 2.8512855,-0.66603696, -1.5093945, 10.464606
15:04:24,438,-2.0691626,1.3355243, 2.84915,-0.66603696, -1.5093945, 10.464606
15:04:24,439,-2.0691626,1.3355243, 2.84915,-0.8527847, -2.0504842, 9.353697
15:04:24,440,-2.0897944,1.3501291, 2.862262,-0.8527847, -2.0504842, 9.353697
15:04:24,441,-2.0897944,1.3501291, 2.862262,-0.16564883, -2.191742, 9.1334305
15:04:24,442,-2.105758,1.369259, 2.8747108,-0.16564883, -2.191742, 9.1334305
15:04:25,443,-2.105758,1.369259, 2.8747108,-0.5487211, -2.2420204, 9.4351
15:04:25,444,-2.101582,1.3796418, 2.877972,-0.5487211, -2.2420204, 9.4351
15:04:25,445,-2.101582,1.3796418, 2.877972,-0.64688337, -1.7033249, 9.339332
15:04:25,446,-2.0837674,1.3897989, 2.8684466,-0.64688337, -1.7033249, 9.339332
15:04:25,447,-2.0837674,1.3897989, 2.8684466,-0.5391443, -1.4854525, 9.176526
15:04:25,448,-2.091772,1.3998289, 2.896476,-0.5391443, -1.4854525, 9.176526
15:04:25,449,-2.091772,1.3998289, 2.896476,-1.7146974, 0.49455228, 9.368062
15:04:25,450,-2.0393102,1.4146968, 2.8626673,-1.7146974, 0.49455228, 9.368062
15:04:25,451,-2.0393102,1.4146968, 2.8626673,-0.8168717, -2.1510406, 10.138995
15:04:25,452,-2.1082442,1.4018999, 2.9299839,-0.8168717, -2.1510406, 10.138995
15:04:25,453,-2.1082442,1.4018999, 2.9299839,-0.10579379, -0.01062427, 9.576358
15:04:25,454,-2.2392702,1.4000168, 3.0596433,-0.10579379, -0.01062427, 9.576358
15:04:25,455,-2.2392702,1.4000168, 3.0596433,0.07377134, -1.3633482, 9.049634
15:04:25,456,-2.297787,1.3945152, 3.1173382,0.07377134, -1.3633482, 9.049634
15:04:25,457,-2.297787,1.3945152, 3.1173382,-0.48168346, -1.7488147, 9.655367
15:04:25,458,-2.321091,1.4122676, 3.1380901,-0.48168346, -1.7488147, 9.655367
15:04:25,459,-2.321091,1.4122676, 3.1380901,-0.07466917, -1.6650176, 9.272294
15:04:25,460,-2.3326938,1.4130647, -3.130321,-0.07466917, -1.6650176, 9.272294
15:04:25,461,-2.3326938,1.4130647, -3.130321,0.119261175, -1.171812, 9.171738
15:04:25,462,-2.3422217,1.4143548, -3.117594,0.119261175, -1.171812, 9.171738
15:04:25,463,-2.3422217,1.4143548, -3.117594,-0.021996727, -1.3537714, 9.183709
15:04:25,464,-2.343909,1.4127319, -3.1121714,-0.021996727, -1.3537714, 9.183709
15:04:25,465,-2.343909,1.4127319, -3.1121714,0.121655375, -1.4782699, 9.24117
15:04:25,466,-2.3572288,1.4083548, -3.1005695,0.121655375, -1.4782699, 9.24117
15:04:25,467,-2.3572288,1.4083548, -3.1005695,-0.07466917, -1.6147394, 9.597906
15:04:25,468,-2.3351967,1.4034305, -3.1252282,-0.07466917, -1.6147394, 9.597906
15:04:25,469,-2.3351967,1.4034305, -3.1252282,-0.25662848, -1.3441947, 9.451859
15:04:25,470,-2.31304,1.4043896, 3.134517,-0.25662848, -1.3441947, 9.451859
15:04:26,471,-2.31304,1.4043896, 3.134517,-0.02439093, -1.1167455, 9.25314
15:04:26,472,-2.2804275,1.3996913, 3.098303,-0.02439093, -1.1167455, 9.25314
15:04:26,473,-2.2804275,1.3996913, 3.098303,-0.0052373162, -1.5070003, 9.552416
15:04:26,474,-2.2513986,1.3898549, 3.071861,-0.0052373162, -1.5070003, 9.552416
15:04:26,475,-2.2513986,1.3898549, 3.071861,-0.30211833, -1.4806641, 9.324966
15:04:26,476,-2.2186353,1.3916774, 3.0455143,-0.30211833, -1.4806641, 9.324966
15:04:26,477,-2.2186353,1.3916774, 3.0455143,-0.29254153, -1.586009, 9.526079
15:04:26,478,-2.20086,1.392996, 3.029665,-0.29254153, -1.586009, 9.526079
15:04:26,479,-2.20086,1.392996, 3.029665,-0.25662848, -1.5261539, 9.317784
15:04:26,480,-2.2008116,1.3946778, 3.0334933,-0.25662848, -1.5261539, 9.317784
15:04:26,481,-2.2008116,1.3946778, 3.0334933,0.06419453, -1.3896844, 9.423129
15:04:26,482,-2.2342093,1.3963721, 3.0707514,0.06419453, -1.3896844, 9.423129
15:04:26,483,-2.2342093,1.3963721, 3.0707514,-0.36436757, -1.5548843, 9.566781
15:04:26,484,-2.2603984,1.3976607, 3.102595,-0.36436757, -1.5548843, 9.566781
15:04:26,485,-2.2603984,1.3976607, 3.102595,-0.5199907, -1.3992612, 9.504532
15:04:26,486,-2.2732153,1.4010595, 3.1180978,-0.5199907, -1.3992612, 9.504532
15:04:26,487,-2.2732153,1.4010595, 3.1180978,0.13123219, -1.6769886, 9.38961
15:04:26,488,-2.3258877,1.4002421, -3.1085243,0.13123219, -1.6769886, 9.38961
15:04:26,489,-2.3258877,1.4002421, -3.1085243,-0.07227496, -1.657835, 9.339332
15:04:26,490,-2.3524904,1.39476, -3.0760455,-0.07227496, -1.657835, 9.339332
15:04:26,491,-2.3524904,1.39476, -3.0760455,0.1575684, -1.1813889, 9.123854
15:04:26,492,-2.354584,1.3995395, -3.0660279,0.1575684, -1.1813889, 9.123854
15:04:26,493,-2.354584,1.3995395, -3.0660279,-0.14170681, -1.3657424, 9.595511
15:04:26,494,-2.331712,1.3997564, -3.0873508,-0.14170681, -1.3657424, 9.595511
15:04:26,495,-2.331712,1.3997564, -3.0873508,-0.21353287, -1.5812206, 9.561993
15:04:26,496,-2.299865,1.3978999, -3.1246858,-0.21353287, -1.5812206, 9.561993
15:04:26,497,-2.299865,1.3978999, -3.1246858,0.10968436, -1.5189713, 9.396792
15:04:26,498,-2.305056,1.3925654, -3.1303287,0.10968436, -1.5189713, 9.396792
15:04:26,499,-2.305056,1.3925654, -3.1303287,-0.060303956, -1.7440263, 9.583541
15:04:27,500,-2.284552,1.3912617, 3.1214302,-0.060303956, -1.7440263, 9.583541
15:04:27,501,-2.284552,1.3912617, 3.1214302,-0.1225532, -1.8972552, 9.473407
15:04:27,502,-2.2731671,1.3884956, 3.1065636,-0.1225532, -1.8972552, 9.473407
15:04:27,503,-2.2731671,1.3884956, 3.1065636,-0.18719664, -2.0385132, 9.535657
15:04:27,504,-2.2540927,1.3889269, 3.0846639,-0.18719664, -2.0385132, 9.535657
15:04:27,505,-2.2540927,1.3889269, 3.0846639,-0.16086042, -1.6745944, 9.375245
15:04:27,506,-2.2268767,1.3909822, 3.0570998,-0.16086042, -1.6745944, 9.375245
15:04:27,507,-2.2268767,1.3909822, 3.0570998,-0.34760815, -1.7248727, 9.475801
15:04:27,508,-2.1993823,1.3891141, 3.0294461,-0.34760815, -1.7248727, 9.475801
15:04:27,509,-2.1993823,1.3891141, 3.0294461,-0.17522563, -1.7272669, 9.590723
15:04:27,510,-2.1989284,1.3848788, 3.02896,-0.17522563, -1.7272669, 9.590723
15:04:27,511,-2.1989284,1.3848788, 3.02896,-0.20395605, -1.7895161, 9.4351
15:04:27,512,-2.1974304,1.3826745, 3.0271502,-0.20395605, -1.7895161, 9.4351
15:04:27,513,-2.1974304,1.3826745, 3.0271502,-0.2662053, -1.7464205, 9.37285
15:04:27,514,-2.199576,1.3814874, 3.0285761,-0.2662053, -1.7464205, 9.37285
15:04:27,515,-2.199576,1.3814874, 3.0285761,-0.5319617, -1.7320553, 9.38961
15:04:27,516,-2.1919706,1.3825005, 3.0186152,-0.5319617, -1.7320553, 9.38961
15:04:27,517,-2.1919706,1.3825005, 3.0186152,-0.2853589, -1.7919103, 9.336938
15:04:27,518,-2.198365,1.3801432, 3.0235019,-0.2853589, -1.7919103, 9.336938
15:04:27,519,-2.198365,1.3801432, 3.0235019,-0.20635025, -1.8565538, 9.226805
15:04:27,520,-2.2045338,1.3794593, 3.026688,-0.20635025, -1.8565538, 9.226805
15:04:27,521,-2.2045338,1.3794593, 3.026688,-0.19437926, -1.5261539, 9.145402
15:04:27,522,-2.2038147,1.3835747, 3.0242321,-0.19437926, -1.5261539, 9.145402
15:04:27,523,-2.2038147,1.3835747, 3.0242321,-0.2614169, -1.8541596, 9.573964
15:04:27,524,-2.202842,1.3817917, 3.0211914,-0.2614169, -1.8541596, 9.573964
15:04:27,525,-2.202842,1.3817917, 3.0211914,-0.2757821, -1.7176901, 9.571569
15:04:27,526,-2.2039526,1.3806754, 3.0217185,-0.2757821, -1.7176901, 9.571569
15:04:27,527,-2.2039526,1.3806754, 3.0217185,-0.2638111, -1.6554408, 9.454253
15:04:27,528,-2.203696,1.3801768, 3.0213091,-0.2638111, -1.6554408, 9.454253
15:04:28,529,-2.203696,1.3801768, 3.0213091,-0.2662053, -1.8397944, 9.545234
15:04:28,530,-2.1988335,1.381005, 3.016217,-0.2662053, -1.8397944, 9.545234
15:04:28,531,-2.1988335,1.381005, 3.016217,-0.35000235, -1.408838, 9.432706
15:04:28,532,-2.1960244,1.3810499, 3.0135043,-0.35000235, -1.408838, 9.432706
15:04:28,533,-2.1960244,1.3810499, 3.0135043,-0.33563715, -1.4567221, 9.351303
15:04:28,534,-2.1954532,1.3812342, 3.012921,-0.33563715, -1.4567221, 9.351303
15:04:28,535,-2.1954532,1.3812342, 3.012921,-0.34042555, -1.6075568, 9.392004
15:04:28,536,-2.1906042,1.379784, 3.0092723,-0.34042555, -1.6075568, 9.392004
15:04:28,537,-2.1906042,1.379784, 3.0092723,-0.30211833, -1.7320553, 9.370457
15:04:28,538,-2.1893446,1.3800412, 3.0081654,-0.30211833, -1.7320553, 9.370457
15:04:28,539,-2.1893446,1.3800412, 3.0081654,-0.48647186, -1.7703625, 9.4279175
15:04:28,540,-2.1846273,1.3788322, 3.0025911,-0.48647186, -1.7703625, 9.4279175
15:04:28,541,-2.1846273,1.3788322, 3.0025911,-0.30211833, -1.5429133, 9.461436
15:04:28,542,-2.1852522,1.37981, 3.0021086,-0.30211833, -1.5429133, 9.461436
15:04:28,543,-2.1852522,1.37981, 3.0021086,-0.4098574, -1.645864, 9.334543
15:04:28,544,-2.1812642,1.3771499, 2.9957986,-0.4098574, -1.645864, 9.334543
15:04:28,545,-2.1812642,1.3771499, 2.9957986,-0.36915597, -1.6410756, 9.4351
15:04:28,546,-2.1755843,1.3765064, 2.9896355,-0.36915597, -1.6410756, 9.4351
15:04:28,547,-2.1755843,1.3765064, 2.9896355,-0.2853589, -1.6602292, 9.437494
15:04:28,548,-2.1742513,1.3767039, 2.9870949,-0.2853589, -1.6602292, 9.437494
15:04:28,549,-2.1742513,1.3767039, 2.9870949,-0.24226329, -1.6314988, 9.547627
15:04:28,550,-2.1784954,1.3764703, 2.990292,-0.24226329, -1.6314988, 9.547627
15:04:28,551,-2.1784954,1.3764703, 2.990292,-0.3954922, -1.8014871, 9.485378
15:04:28,552,-2.1769311,1.3729466, 2.986304,-0.3954922, -1.8014871, 9.485378
15:04:28,553,-2.1769311,1.3729466, 2.986304,-0.34521395, -1.586009, 9.514109
15:04:28,554,-2.1595302,1.3750635, 2.9686131,-0.34521395, -1.586009, 9.514109
15:04:28,555,-2.1595302,1.3750635, 2.9686131,-0.34281975, -1.5907974, 9.370457
15:04:28,556,-2.160172,1.3776306, 2.9692147,-0.34281975, -1.5907974, 9.370457
15:04:29,557,-2.160172,1.3776306, 2.9692147,-0.18959084, -1.7392379, 9.322573
15:04:29,558,-2.1678758,1.3784938, 2.976512,-0.18959084, -1.7392379, 9.322573
15:04:29,559,-2.1678758,1.3784938, 2.976512,-0.5128081, -1.657835, 9.437494
15:04:29,560,-2.1720684,1.3814523, 2.9772873,-0.5128081, -1.657835, 9.437494
15:04:29,561,-2.1720684,1.3814523, 2.9772873,-0.32127193, -1.4519337, 9.411158
15:04:29,562,-2.1997898,1.3826582, 2.9946444,-0.32127193, -1.4519337, 9.411158
15:04:29,563,-2.1997898,1.3826582, 2.9946444,-0.37633857, -1.5931916, 9.490167
15:04:29,564,-2.2358732,1.3837516, 3.0144513,-0.37633857, -1.5931916, 9.490167
15:04:29,565,-2.2358732,1.3837516, 3.0144513,-0.2781763, -1.906832, 9.4351
15:04:29,566,-2.251216,1.3822796, 3.0231578,-0.2781763, -1.906832, 9.4351
15:04:29,567,-2.251216,1.3822796, 3.0231578,-0.25662848, -1.7464205, 9.394399
15:04:29,568,-2.2654548,1.3824891, 3.0306172,-0.25662848, -1.7464205, 9.394399
15:04:29,569,-2.2654548,1.3824891, 3.0306172,-0.23268647, -1.6267104, 9.423129
15:04:29,570,-2.262552,1.3813072, 3.0281188,-0.23268647, -1.6267104, 9.423129
15:04:29,571,-2.262552,1.3813072, 3.0281188,-0.2829647, -1.59798, 9.289054
15:04:29,572,-2.24915,1.3798414, 3.0162315,-0.2829647, -1.59798, 9.289054
15:04:29,573,-2.24915,1.3798414, 3.0162315,-0.21113867, -1.669806, 9.368062
15:04:29,574,-2.2401679,1.3770561, 3.0082865,-0.21113867, -1.669806, 9.368062
15:04:29,575,-2.2401679,1.3770561, 3.0082865,-0.41943422, -1.6745944, 9.669732
15:04:29,576,-2.2141228,1.376634, 2.983904,-0.41943422, -1.6745944, 9.669732
15:04:29,577,-2.2141228,1.376634, 2.983904,-0.41704002, -1.5764322, 9.437494
15:04:29,578,-2.2100418,1.3763157, 2.9807684,-0.41704002, -1.5764322, 9.437494
15:04:29,579,-2.2100418,1.3763157, 2.9807684,-0.44816464, -1.8134582, 9.322573
15:04:29,580,-2.218164,1.375172, 2.9884698,-0.44816464, -1.8134582, 9.322573
15:04:29,581,-2.218164,1.375172, 2.9884698,-0.24944589, -1.7631799, 9.301024
15:04:29,582,-2.224713,1.3743663, 2.9943929,-0.24944589, -1.7631799, 9.301024
15:04:29,583,-2.224713,1.3743663, 2.9943929,-0.30930093, -1.6913539, 9.286659
15:04:29,584,-2.2274895,1.3734689, 2.9951537,-0.30930093, -1.6913539, 9.286659
15:04:30,585,-2.2274895,1.3734689, 2.9951537,-0.18240824, -1.5884032, 9.451859
15:04:30,586,-2.2602954,1.3698308, 3.0245605,-0.18240824, -1.5884032, 9.451859
15:04:30,587,-2.2602954,1.3698308, 3.0245605,-0.19916765, -1.870919, 9.5787525
15:04:30,588,-2.29171,1.3626386, 3.0480218,-0.19916765, -1.870919, 9.5787525
15:04:30,589,-2.29171,1.3626386, 3.0480218,-0.32606035, -1.9451393, 9.564387
15:04:30,590,-2.2975023,1.3604076, 3.0520186,-0.32606035, -1.9451393, 9.564387
15:04:30,591,-2.2975023,1.3604076, 3.0520186,-0.060303956, -1.7775451, 9.111883
15:04:30,592,-2.307011,1.3612953, 3.063368,-0.060303956, -1.7775451, 9.111883
15:04:30,593,-2.307011,1.3612953, 3.063368,-0.17522563, -2.0026002, 9.746346
15:04:30,594,-2.2790725,1.3656478, 3.0426946,-0.17522563, -2.0026002, 9.746346
15:04:30,595,-2.2790725,1.3656478, 3.0426946,-0.120159, -1.88289, 9.6266365
15:04:30,596,-2.2168648,1.3779622, 2.9954307,-0.120159, -1.88289, 9.6266365
15:04:30,597,-2.2168648,1.3779622, 2.9954307,-0.19198506, -1.7368437, 9.358485
15:04:30,598,-2.2008078,1.3823487, 2.9857402,-0.19198506, -1.7368437, 9.358485
15:04:30,599,-2.2008078,1.3823487, 2.9857402,-0.09142858, -1.7105075, 9.554811
15:04:30,600,-2.1860704,1.3870733, 2.9811857,-0.09142858, -1.7105075, 9.554811
15:04:30,601,-2.1860704,1.3870733, 2.9811857,-0.18480244, -1.4351742, 9.758317
15:04:30,602,-2.170282,1.3929673, 2.9816065,-0.18480244, -1.4351742, 9.758317
15:04:30,603,-2.170282,1.3929673, 2.9816065,0.27967268, -1.2723686, 9.619453
15:04:30,604,-2.2540987,1.4115995, 3.0882316,0.27967268, -1.2723686, 9.619453
15:04:30,605,-2.2540987,1.4115995, 3.0882316,2.9276597, -0.71691376, 9.964218
15:04:30,606,-2.412941,1.4252169, -3.0175593,2.9276597, -0.71691376, 9.964218
15:04:30,607,-2.412941,1.4252169, -3.0175593,4.2684126, -1.1454759, 8.798243
15:04:30,608,-2.845052,1.4091476, -2.5284882,4.2684126, -1.1454759, 8.798243
15:04:30,609,-2.845052,1.4091476, -2.5284882,3.643526, -1.906832, 7.6490254
15:04:30,610,-3.0545301,1.3730098, -2.2571254,3.643526, -1.906832, 7.6490254
15:04:30,611,-3.0545301,1.3730098, -2.2571254,2.5254338, -2.2683566, 6.942736
15:04:30,612,-2.8409848,1.3825011, -2.4078016,2.5254338, -2.2683566, 6.942736
15:04:30,613,-2.8409848,1.3825011, -2.4078016,-2.3563433, -2.9219735, 8.747964
15:04:31,614,-2.5071006,1.4082903, -2.7165396,-2.3563433, -2.9219735, 8.747964
15:04:31,615,-2.5071006,1.4082903, -2.7165396,-6.991518, -0.9802759, 8.623466
15:04:31,616,-1.15509,1.4377009, 2.2215512,-6.991518, -0.9802759, 8.623466
15:04:31,617,-1.15509,1.4377009, 2.2215512,-9.028983, 1.2750621, 10.57474
15:04:31,618,-0.5734338,1.2887486, 1.6254247,-9.028983, 1.2750621, 10.57474
15:04:31,619,-0.5734338,1.2887486, 1.6254247,-5.38022, -1.1023803, 8.099135
15:04:31,620,-0.6569507,1.2799147, 1.6893743,-5.38022, -1.1023803, 8.099135
15:04:31,621,-0.6569507,1.2799147, 1.6893743,-2.4161985, -0.42003277, 8.13026
15:04:31,622,-0.71447676,1.2819922, 1.7390138,-2.4161985, -0.42003277, 8.13026
15:04:31,623,-0.71447676,1.2819922, 1.7390138,-5.444864, 0.41554365, 12.667273
15:04:31,624,-0.68503845,1.2504222, 1.6916687,-5.444864, 0.41554365, 12.667273
15:04:31,625,-0.68503845,1.2504222, 1.6916687,-5.686678, -0.27877486, 11.589882
15:04:31,626,-0.57437056,1.2637742, 1.5650245,-5.686678, -0.27877486, 11.589882
15:04:31,627,-0.57437056,1.2637742, 1.5650245,-5.641188, 0.05641338, 10.014497
15:04:31,628,-0.36518562,1.2981575, 1.3594711,-5.641188, 0.05641338, 10.014497
15:04:31,629,-0.36518562,1.2981575, 1.3594711,-4.0083427, -0.92760354, 6.5668464
15:04:31,630,-0.33237687,1.3314036, 1.3284454,-4.0083427, -0.92760354, 6.5668464
15:04:31,631,-0.33237687,1.3314036, 1.3284454,-1.0874165, -0.2